id	title	description	status	created_at	updated_at	root_id	development_proposal_and_clarification	solution_suggestion	proposal_resolution	ticket_number	ball_park_estimate	impact_on_market	priority	argumentation_for_proposal	proposal_impact	next_steps	categories	planned_release_version
0	Updating VAT percentage in product information	Updating the VAT percentage should be possible without creating a new product. The tax rate history should be available based on change occurrences and visible on the UI.	NEW	2024-11-09T10:00:00	2024-11-09T10:00:00	1	Proposal to update VAT rate for product info change.	Enable update of VAT rate without creating a new product.	Proposal under review.	12345	1-2 weeks	Minor impact on market.	High	Supports product data flexibility for new VAT requirements.	Low	Clarification requested from tax authorities.	Product information	1.9.0 p/2.5?
1	Notification of accounting point ID change	Changing DH-311-4, DH-331-3, DH-351-3 notifications to send related accounting point ID instead of the main accounting point ID.	CLARIFICATION	2024-11-09T10:15:00	2024-11-09T10:15:00	2	Proposal to clarify accounting point ID logic.	Update notification to reflect accurate accounting point data.	Seeking feedback from accounting systems integration teams.	67890	2 weeks	Moderate impact on supplier systems.	High	Improves clarity in accounting point communication.	Medium	Awaiting clarification from IT teams.	Agreement process	2.3
2	Contract retrospective cancellation notification	Validating that grid and sales agreements correspond for the same customer when confirming the grid contract.	NEW	2024-11-09T10:30:00	2024-11-09T10:30:00	1	Proposal for customer validation to align grid and sales agreements.	Ensure customer ID matches between grid and sales agreements.	Proposal in preparation.	54321	3 weeks	Significant impact on market operations.	High	Improves system consistency and reduces errors.	High	Developing technical specifications for implementation.	Sales agreement process	2.3
3	Customer information validation on grid contract	Validation to ensure that grid agreement corresponds to the sales contract customer.	READY	2024-11-09T10:45:00	2024-11-09T10:45:00	2	Update the DH-312-1 request to include customer info for validation.	Customer ID check required to match sales agreement.	Ready for implementation.	98765	1 week	Minor impact on grid companies.	Medium	Validates contract accuracy and reduces data inconsistencies.	Low	Preparing for rollout.	Grid contract process	2.4
4	PO Box and Street Address validation	Validation rule to ensure only one address type (PO Box or street) is given, and building number requires a street name.	REJECTED	2024-11-09T11:00:00	2024-11-09T11:00:00	1	Ensure only one address type is included and building numbers have street names.	Reject both PO Box and street address if submitted together.	Rejected due to market feedback.	11223	2 weeks	Minimal impact on customer systems.	Medium	Addresses data quality issues.	High	Will revisit after further consultation.	Customer data process	2.4
5	Agreement end date notification	Allow a supplier or DSO to notify contract end dates when a new contract starts on the same day.	RECOMMENDATION	2024-11-09T11:15:00	2024-11-09T11:15:00	3	Ensure contract end notifications match contract terms for new agreements.	Allow simultaneous end date notifications without data conflicts.	Recommendation to avoid errors when contracts overlap.	33445	4 weeks	Moderate impact on market operations.	High	Supports contract management and reduces notification errors.	High	Awaiting approval from stakeholders.	Contract process	2.3
6	Fixed Term Agreement validation update	Modify validation rules to check fixed term dates only when updated.	RECOMMENDATION	2024-11-09T11:30:00	2024-11-09T11:30:00	1	Only apply fixed term date validation when changes are made to the dates.	Change validation logic for fixed term agreement updates.	Recommendation to update validation rules.	55678	3 weeks	Low impact on market.	Low	Improves flexibility in contract management.	Medium	Implementing specification changes.	Contract process	2.0
7	Disconnection notification chain	Implement message IDs to track connection and disconnection requests for better process management.	RECOMMENDATION	2024-11-09T11:45:00	2024-11-09T11:45:00	2	Implement a new field to track the source of disconnections (supplier or DSO).	Add message ID to track disconnection origin.	Recommendation to improve message tracking.	66789	5 weeks	High impact on grid operators.	High	Improves tracking and process reliability.	High	Clarifying technical feasibility with suppliers.	Disconnection process	2.4
8	DSO Notification on Unconfirmed GAG	DSO to receive info of SAG (sales agreement) end or cancellation when GAG is not confirmed.	NEW	2024-11-09 00:00:00	2024-11-09 00:00:00	1	Currently, the DH-331 and DH-341 processes send a notification to the DSO only if the corresponding grid agreement is confirmed. The processes will be changed so that a notification is sent also if the grid agreement is unconfirmed.	Change the processes so that the DSO receives the information even if the GAG is unconfirmed.	1	Verkko saisi tiedon jos myyjä heti peruu tai päättää sopimuksen.	1	Verkko saisi tiedon sopimuksen päättymisestä myös ilman vahvistettua verkkosopimusta.	Define requirements and update documentation for system provider.	Sopimusprosessi	2.1
9	Customer Data Validation	Customer data characters to be verified for proper data updates to Datahub.	CLARIFICATION	2024-11-09 00:00:00	2024-11-09 00:00:00	1	Validation should be added to DH-111, DH-112, DH-113, and DH-311 to prevent unnecessary characters in customer data.	Implement regex validation to avoid certain characters.	1	Asiakastiedon laatu saadaan pidettyä parempana.	1	Improved data quality through character validation.	Identify the impact of different characters used in customer data and resolve this.	Asiakastietoprosessi	
10	Email Invoice Validation	Email invoice should be updatedable only if correct invoice channel is chosen.	RECOMMENDATION	2024-11-09 00:00:00	2024-11-09 00:00:00	1	Add validation rules to DH-310 and DH-320 processes to ensure correct invoice channel is selected before other electronic invoicing data can be added.	Validation rule to ensure only "E-mail" or "Mobile invoice" are valid invoice channels.	1	Tietojen laadun ylläpito.	1	Ensuring that only correct invoice methods are selected.	Review implementation and ensure compliance with new rules.	Sopimusprosessi	
11	Data Interface Security	API method should use POST instead of GET for sensitive data security.	RECOMMENDATION	2024-11-09 00:00:00	2024-11-09 00:00:00	1	Change the data interface to use POST for sensitive data like personal and company IDs to prevent them from being logged in URL.	Support both GET and POST for 6 months during transition.	2	Parantaa tietoturvaa.	1	Improved data security by switching to POST method.	Define the transition process and update security documentation.	Tietoturva	2.3
12	Accounting Point Supplier Notification	Update accounting point info for future suppliers when status changes.	CLARIFICATION	2024-11-09 00:00:00	2024-11-09 00:00:00	2	Send updates on accounting point changes to future suppliers.	Notification of all relevant accounting point updates to future suppliers.	1	Helpottaisi myyjää kyllä jos saisi tiedon.	1	Improved clarity for suppliers on accounting point status.	Review GDPR concerns and proceed with feasibility study.	Sopimusprosessi	
13	Phone Number Format Validation	Validate phone numbers in ITU-T.164 format.	RECOMMENDATION	2024-11-09 00:00:00	2024-11-09 00:00:00	1	Add validation for phone numbers to ensure they match ITU-T.164 format.	Ensure phone numbers are correctly formatted and validated.	1	Tiedon laadun ylläpito paranee	1	Better data quality for phone number handling.	Proceed with validation implementation and testing.	Asiakastietoprosessi	2.4
14	AR04 Cancellation Code Re-evaluation	Re-evaluate AR04 cancellation code for contract terminations.	CLARIFICATION	2024-11-09 00:00:00	2024-11-09 00:00:00	2	Reconsider the usage of AR04 to prevent improper grid agreement cancellations.	Abandon AR04 or ensure grid contracts are cancelled when AR04 is used.	2	Aiheuttaa paljon manuaalikäsittelyä verkon suunnalla ja jos verkkosopimusta ei erikseen peruta voi tieto toimitussopimuksesta jäädä väärin ja aiheuttaa ongelmia mm. asiakkaan laskutuksessa.	1	Reevaluate current cancellation rules to avoid manual handling and incorrect billing information.	Review the rules in the development workgroup and proceed with changes.	Sopimusprosessi	2.3
15	Agreement Identification in DH-341-3	Include agreement identification in DH-341-3 notifications.	CLARIFICATION	2024-11-09 00:00:00	2024-11-09 00:00:00	2	Add agreement identification to the DH-341-3 notification to help suppliers link notifications to the correct agreements.	Ensure the DH-341-3 notification includes agreement identification for clarity.	2	Myyjä ei pysty kohdistamaan kumpaa sopimusta ilmoitus koskee mikäli on ollut kaksi sopimusta jotka palautetaan voimaan uuden sopimuksen peruutuksessa.	2	Ensuring correct linking of notifications to agreements.	Review and implement changes for better clarity in notifications.	Sopimusprosessi	2.2
16	Re-evaluation of Metering Point State Change	"Metering point state change from 'Under construction' to the 'Switched' rules shall be re-evaluated. The current rules say that if metering point 'Under construction' has valid contract when it is switched on, datahub will automatically contract valid start from date according to the switching date. This serves handling of new metering points. But same functionality/rules are valid also when metering point has been changed due to renovation to the 'Under construction' state, without updates on contract state."	NEW	2022-11-02 10:00:00	2023-09-21 15:00:00	2	Handling of agreement start date updates when connecting an accounting point will be changed in Datahub according to the separate appendix: In addition, a notification is sent to the supplier and the DSO about the updated start dates of their contracts. A new message type is added for the notification.	"Handling of agreement start date updates when connecting an accounting point will be changed in Datahub according to the separate appendix. Additionally, a new message type is introduced for notification."	"Solution to be implemented: Confirmed with stakeholders in 13.4.2023."	2.11.2022	1	High impact on market and stakeholders due to frequent disruptions and confusion in contract dates	High	Proposal affects suppliers and DSOs; new message type and process updates required	Ensuring clarity on the switch date rules to avoid unnecessary contract date updates during renovations.	"Continue with clarification and detailed proposal presentation."	Usage Process	2.3
17	Validation of User Group for Metering Point	"New validation rule for the event DH-124-1 so that supplier cannot request user group BE14 in case there has been a specific user group defined for the metering point. At the moment DSO systems update user group automatically and thus the specific user group information is lost."	CLARIFICATION	2023-03-15 12:00:00	2023-03-26 09:00:00	1	Implement a validation rule where user group BE14 is not allowed in the accounting point data update request.	"Implement a rule to ensure user group BE14 cannot be requested in the DH-124 process if a specific user group has been defined."	"Confirmed with stakeholders and investigating the BE14 issue further."	26.3.2024	1	Improved data quality and user group consistency	Medium	Existing process leads to errors and lost user group data	Clarify BE14 issue with stakeholders and propose resolution based on feedback.	Usage Process	2.0
18	Personal ID Validation Rule Update	"Change in personal identification system to accept new divider signs/letters for people born in the 20th and 21st centuries as of 2023. In addition, allow for '+' sign for deceased person estate customers."	CLARIFICATION	2023-01-01 00:00:00	2023-01-01 00:00:00	2	Change the existing validation rule to allow new divider signs in personal identification numbers. Also, accept the '+' sign for deceased persons' personal IDs.	"Update the validation rule to handle new divider signs and the '+' sign in personal IDs."	"Proceed with clarifications for implementation and documentation update."	1.0	0	High need for new divider signs from both children and immigrants receiving Finnish ID	High	Required change for future-proofing personal identification system for both native and immigrant population	Work on detailed specification update and request for supplier offer	Customer Data Process	2.0
19	Handling End Event with New Move-In	"Grid needs to handle cases where an agreement is ended due to a new move-in but should not erroneously revert if the move-in is cancelled."	NEW	2023-05-10 11:30:00	2023-05-12 14:00:00	2	DSO should respond to DH-333 even when the agreement has ended due to a new move-in, and ensure the agreement does not wrongly revert if the move-in is cancelled.	"Modify grid response to DH-333 to prevent incorrect reactivation of the previous agreement upon cancellation of a move-in."	"Work with stakeholders to implement solution by handling cases in the DH-333 processing stage."	13.4.2023	0	Significant manual effort to prevent erroneous grid agreement reactivation	Medium	Ensuring grid agreements do not reactivate unnecessarily causes extra operational work	Focus on collaboration with team to finalize requirements and move forward with proposed solution.	Agreement Process	2.3
20	Improvement for DH-311-4 notification rule	Add a rule to DH-311-4 notification for same supplier at accounting point	NEW	2024-11-09 00:00:00	2024-11-09 00:00:00	1	"Market development group has recommended this earlier: Add a rule to the DH-311-4 notification to the supplier of the related accounting point that the notification is not sent if the supplier and the customer(s) of the related accounting point are the same as the supplier and the customer(s) of the new move-in agreement."	"Add the rule to the notification logic that prevents sending of DH-311-4 if both the supplier and the customer(s) are the same for both the consumption and production accounting points."	"Suositus tarkennuksella ehdotettuun ratkaisukuvaukseen, että DH-311-4 ei lähde, jos sekä myyjä että asiakas ovat samat kulutus- ja tuotantokäyttöpaikoilla."	DH-311-4-1	1	1	2	Mahdollisesti poistaa tarpeettomia sanomia riippuen osapuolen pään toteutuksesta.	"Suositus tarkennuksella ehdotettuun ratkaisukuvaukseen, että DH-311-4 ei lähde, jos sekä myyjä että asiakas ovat samat kulutus- ja tuotantokäyttöpaikoilla."	"21.9.2023: Kehitystyöryhmässä oli tähän erilaisia näkemyksiä, myös sen suhteen, tulisiko muutosta toteuttaa ollenkaan. Selvennetään vielä tähän liittyvää kysymystä ja jatketaan ehdotuksen käsittelyä seuraavassa kehitystyöryhmässä."	"09.11.2023 Lopputulemana päädyttiin siihen, että selvitetään vielä, onko asia tarve viedä alityöryhmään keskusteltavaksi."	Sopimusprosessi	2.2
21	Automating Supplier Ending Process	Automate the supplier ending process to reduce manual errors	CLARIFICATION	2024-11-09 00:00:00	2024-11-09 00:00:00	1	"Development proposal to automate the process of supplier ending to reduce manual work and eliminate errors."	"Add a tool to automatically process the termination of supplier agreements, removing the need for manual email communication and providing operators with a clear process."	"Develop an automated process that allows operators to verify the situation before proceeding to the next step in supplier ending."	DH-331-3	2	1	2	Manualityössä suurempi virhemahdollisuus. Lisäksi käsin tehtävää työtä pystytään vähentämään huomattavasti sekä nopeuttamaan käsittelyä.	"Valmisteltava kokonaisuutena muiden aihepiiriin liittyvien kehitysehdotusten kanssa ja tarvitaan tarkempi kustannusarvio kokonaisuudelle."	"Sopimusprosessi	2.2
22	Agreement Restoration Refusal Issue	Fix the issue with refusing agreement restoration in case of supplier change	REJECTED	2024-11-09 00:00:00	2024-11-09 00:00:00	1	"Refuse restoration of sales agreement if restoration conflicts with the original termination date."	"The system should allow refusal of the agreement restoration to the original termination date."	"Refuse restored sales agreement request problem: It should be possible for the DDQ to refuse the agreements restoring to the original end date."	DH-343-1	1	0	2	Ei voida toteuttaa, koska voi aiheuttaa tilanteen, jossa käyttöpaikan kulutus siirtyy takautuvasti jakeluverkon häviöihin	"Tarkastuksen jälkeen todettu että ei voida edistää. Katso perustelut."	"Sopimusprosessi"
23	Market Operator Cancellation Enhancement	Develop the market operator cancellation process	READY	2024-11-09 00:00:00	2024-11-09 00:00:00	2	"Enhance the market operator cancellation process to reduce manual work and improve communication with market parties."	"Make the cancellation process automatic to avoid manual emails and provide better communication to market parties."	"Enhance the cancellation process by automating email notifications to all affected parties."	DH-331-2	2	3	1	Erittäin paljon käsin tehtävää työtä päivittäin operaattorilla. Työllistää osapuolia myös paljon jotta saadaan sopimus voimaan.	"Valmistellaan alityöryhmän käsittelyä varten."	"21.9.2023: Selvennetään vielä tähän liittyvää kysymystä ja jatketaan ehdotuksen käsittelyä seuraavassa kehitystyöryhmässä."
24	Netting Calculation Data Notification	Implement a notification system for netting calculation to DSO	READY	2024-11-09 00:00:00	2024-11-09 00:00:00	2	"DSO should receive notifications about accounting points that are part of netting calculation."	"Add a notification system that informs DSOs about which accounting points belong to netting calculation, and ensure the data is available when changes occur."	"Implement the notification system for netting calculation to DSO to ensure smooth operation in the metering data systems."	DH-126-2	2	2	1	Jakeluverkonhaltija saa tiedon käyttöpaikkojen kuulumisesta netotuslaskentaan.	"Kts. Ratkaisukuvaus."	"1.2.2023: Viedään alityöryhmälle kannanottoon."	"13.4.2023: Alityöryhmä ei suositellut, ongelma yksittäisissä järjestelmissä, jatketaan selvittelyä järjestelmätoimittajien kanssa."
